city,year,shinkansen_flag
さいたま市,1992,0
さいたま市,1993,0
さいたま市,1994,0
さいたま市,1995,0
さいたま市,1996,0
さいたま市,1997,0
さいたま市,1998,0
さいたま市,1999,0
さいたま市,2000,0
さいたま市,2001,0
さいたま市,2002,0
さいたま市,2003,0
さいたま市,2004,0
さいたま市,2005,0
さいたま市,2006,0
さいたま市,2007,0
さいたま市,2008,0
さいたま市,2009,0
さいたま市,2010,1
さいたま市,2011,1
さいたま市,2012,1
さいたま市,2013,1
さいたま市,2014,1
さいたま市,2015,1
さいたま市,2016,1
さいたま市,2017,1
さいたま市,2018,1
さいたま市,2019,1
さいたま市,2020,1
さいたま市,2021,1
みなかみ町,1992,0
みなかみ町,1993,0
みなかみ町,1994,0
みなかみ町,1995,0
みなかみ町,1996,0
みなかみ町,1997,0
みなかみ町,1998,0
みなかみ町,1999,0
みなかみ町,2000,0
みなかみ町,2001,0
みなかみ町,2002,0
みなかみ町,2003,0
みなかみ町,2004,0
みなかみ町,2005,0
みなかみ町,2006,0
みなかみ町,2007,0
みなかみ町,2008,0
みなかみ町,2009,0
みなかみ町,2010,0
みなかみ町,2011,0
みなかみ町,2012,0
みなかみ町,2013,0
みなかみ町,2014,0
みなかみ町,2015,0
みなかみ町,2016,0
みなかみ町,2017,0
みなかみ町,2018,0
みなかみ町,2019,0
みなかみ町,2020,0
みなかみ町,2021,0
一関市,1992,0
一関市,1993,0
一関市,1994,0
一関市,1995,0
一関市,1996,0
一関市,1997,0
一関市,1998,0
一関市,1999,0
一関市,2000,0
一関市,2001,0
一関市,2002,0
一関市,2003,0
一関市,2004,0
一関市,2005,0
一関市,2006,0
一関市,2007,0
一関市,2008,0
一関市,2009,0
一関市,2010,1
一関市,2011,1
一関市,2012,1
一関市,2013,1
一関市,2014,1
一関市,2015,1
一関市,2016,1
一関市,2017,1
一関市,2018,1
一関市,2019,1
一関市,2020,1
一関市,2021,1
七戸町,1992,0
七戸町,1993,0
七戸町,1994,0
七戸町,1995,0
七戸町,1996,0
七戸町,1997,0
七戸町,1998,0
七戸町,1999,0
七戸町,2000,0
七戸町,2001,0
七戸町,2002,0
七戸町,2003,0
七戸町,2004,0
七戸町,2005,0
七戸町,2006,0
七戸町,2007,0
七戸町,2008,0
七戸町,2009,0
七戸町,2010,1
七戸町,2011,1
七戸町,2012,1
七戸町,2013,1
七戸町,2014,1
七戸町,2015,1
七戸町,2016,1
七戸町,2017,1
七戸町,2018,1
七戸町,2019,1
七戸町,2020,1
七戸町,2021,1
三原市,1992,1
三原市,1993,1
三原市,1994,1
三原市,1995,1
三原市,1996,1
三原市,1997,1
三原市,1998,1
三原市,1999,1
三原市,2000,1
三原市,2001,1
三原市,2002,1
三原市,2003,1
三原市,2004,1
三原市,2005,1
三原市,2006,1
三原市,2007,1
三原市,2008,1
三原市,2009,1
三原市,2010,1
三原市,2011,1
三原市,2012,1
三原市,2013,1
三原市,2014,1
三原市,2015,1
三原市,2016,1
三原市,2017,1
三原市,2018,1
三原市,2019,1
三原市,2020,1
三原市,2021,1
三島市,1992,1
三島市,1993,1
三島市,1994,1
三島市,1995,1
三島市,1996,1
三島市,1997,1
三島市,1998,1
三島市,1999,1
三島市,2000,1
三島市,2001,1
三島市,2002,1
三島市,2003,1
三島市,2004,1
三島市,2005,1
三島市,2006,1
三島市,2007,1
三島市,2008,1
三島市,2009,1
三島市,2010,1
三島市,2011,1
三島市,2012,1
三島市,2013,1
三島市,2014,1
三島市,2015,1
三島市,2016,1
三島市,2017,1
三島市,2018,1
三島市,2019,1
三島市,2020,1
三島市,2021,1
上田市,1992,0
上田市,1993,0
上田市,1994,0
上田市,1995,0
上田市,1996,0
上田市,1997,1
上田市,1998,1
上田市,1999,1
上田市,2000,1
上田市,2001,1
上田市,2002,1
上田市,2003,1
上田市,2004,1
上田市,2005,1
上田市,2006,1
上田市,2007,1
上田市,2008,1
上田市,2009,1
上田市,2010,1
上田市,2011,1
上田市,2012,1
上田市,2013,1
上田市,2014,1
上田市,2015,1
上田市,2016,1
上田市,2017,1
上田市,2018,1
上田市,2019,1
上田市,2020,1
上田市,2021,1
上越市,1992,0
上越市,1993,0
上越市,1994,0
上越市,1995,0
上越市,1996,0
上越市,1997,1
上越市,1998,1
上越市,1999,1
上越市,2000,1
上越市,2001,1
上越市,2002,1
上越市,2003,1
上越市,2004,1
上越市,2005,1
上越市,2006,1
上越市,2007,1
上越市,2008,1
上越市,2009,1
上越市,2010,1
上越市,2011,1
上越市,2012,1
上越市,2013,1
上越市,2014,1
上越市,2015,1
上越市,2016,1
上越市,2017,1
上越市,2018,1
上越市,2019,1
上越市,2020,1
上越市,2021,1
下関市,1992,1
下関市,1993,1
下関市,1994,1
下関市,1995,1
下関市,1996,1
下関市,1997,1
下関市,1998,1
下関市,1999,1
下関市,2000,1
下関市,2001,1
下関市,2002,1
下関市,2003,1
下関市,2004,1
下関市,2005,1
下関市,2006,1
下関市,2007,1
下関市,2008,1
下関市,2009,1
下関市,2010,1
下関市,2011,1
下関市,2012,1
下関市,2013,1
下関市,2014,1
下関市,2015,1
下関市,2016,1
下関市,2017,1
下関市,2018,1
下関市,2019,1
下関市,2020,1
下関市,2021,1
久留米市,1992,0
久留米市,1993,0
久留米市,1994,0
久留米市,1995,0
久留米市,1996,0
久留米市,1997,0
久留米市,1998,0
久留米市,1999,0
久留米市,2000,0
久留米市,2001,0
久留米市,2002,0
久留米市,2003,0
久留米市,2004,0
久留米市,2005,0
久留米市,2006,0
久留米市,2007,0
久留米市,2008,0
久留米市,2009,0
久留米市,2010,0
久留米市,2011,1
久留米市,2012,1
久留米市,2013,1
久留米市,2014,1
久留米市,2015,1
久留米市,2016,1
久留米市,2017,1
久留米市,2018,1
久留米市,2019,1
久留米市,2020,1
久留米市,2021,1
二戸市,1992,0
二戸市,1993,0
二戸市,1994,0
二戸市,1995,0
二戸市,1996,0
二戸市,1997,0
二戸市,1998,0
二戸市,1999,0
二戸市,2000,0
二戸市,2001,0
二戸市,2002,0
二戸市,2003,0
二戸市,2004,0
二戸市,2005,0
二戸市,2006,0
二戸市,2007,0
二戸市,2008,0
二戸市,2009,0
二戸市,2010,1
二戸市,2011,1
二戸市,2012,1
二戸市,2013,1
二戸市,2014,1
二戸市,2015,1
二戸市,2016,1
二戸市,2017,1
二戸市,2018,1
二戸市,2019,1
二戸市,2020,1
二戸市,2021,1
今別町,1992,0
今別町,1993,0
今別町,1994,0
今別町,1995,0
今別町,1996,0
今別町,1997,0
今別町,1998,0
今別町,1999,0
今別町,2000,0
今別町,2001,0
今別町,2002,0
今別町,2003,0
今別町,2004,0
今別町,2005,0
今別町,2006,0
今別町,2007,0
今別町,2008,0
今別町,2009,0
今別町,2010,0
今別町,2011,0
今別町,2012,0
今別町,2013,0
今別町,2014,0
今別町,2015,0
今別町,2016,1
今別町,2017,1
今別町,2018,1
今別町,2019,1
今別町,2020,1
今別町,2021,1
仙台市,1992,0
仙台市,1993,0
仙台市,1994,0
仙台市,1995,0
仙台市,1996,0
仙台市,1997,0
仙台市,1998,0
仙台市,1999,0
仙台市,2000,0
仙台市,2001,0
仙台市,2002,0
仙台市,2003,0
仙台市,2004,0
仙台市,2005,0
仙台市,2006,0
仙台市,2007,0
仙台市,2008,0
仙台市,2009,0
仙台市,2010,1
仙台市,2011,1
仙台市,2012,1
仙台市,2013,1
仙台市,2014,1
仙台市,2015,1
仙台市,2016,1
仙台市,2017,1
仙台市,2018,1
仙台市,2019,1
仙台市,2020,1
仙台市,2021,1
佐久市,1992,0
佐久市,1993,0
佐久市,1994,0
佐久市,1995,0
佐久市,1996,0
佐久市,1997,1
佐久市,1998,1
佐久市,1999,1
佐久市,2000,1
佐久市,2001,1
佐久市,2002,1
佐久市,2003,1
佐久市,2004,1
佐久市,2005,1
佐久市,2006,1
佐久市,2007,1
佐久市,2008,1
佐久市,2009,1
佐久市,2010,1
佐久市,2011,1
佐久市,2012,1
佐久市,2013,1
佐久市,2014,1
佐久市,2015,1
佐久市,2016,1
佐久市,2017,1
佐久市,2018,1
佐久市,2019,1
佐久市,2020,1
佐久市,2021,1
倉敷市,1992,1
倉敷市,1993,1
倉敷市,1994,1
倉敷市,1995,1
倉敷市,1996,1
倉敷市,1997,1
倉敷市,1998,1
倉敷市,1999,1
倉敷市,2000,1
倉敷市,2001,1
倉敷市,2002,1
倉敷市,2003,1
倉敷市,2004,1
倉敷市,2005,1
倉敷市,2006,1
倉敷市,2007,1
倉敷市,2008,1
倉敷市,2009,1
倉敷市,2010,1
倉敷市,2011,1
倉敷市,2012,1
倉敷市,2013,1
倉敷市,2014,1
倉敷市,2015,1
倉敷市,2016,1
倉敷市,2017,1
倉敷市,2018,1
倉敷市,2019,1
倉敷市,2020,1
倉敷市,2021,1
八代市,1992,0
八代市,1993,0
八代市,1994,0
八代市,1995,0
八代市,1996,0
八代市,1997,0
八代市,1998,0
八代市,1999,0
八代市,2000,0
八代市,2001,0
八代市,2002,0
八代市,2003,0
八代市,2004,0
八代市,2005,0
八代市,2006,0
八代市,2007,0
八代市,2008,0
八代市,2009,0
八代市,2010,0
八代市,2011,1
八代市,2012,1
八代市,2013,1
八代市,2014,1
八代市,2015,1
八代市,2016,1
八代市,2017,1
八代市,2018,1
八代市,2019,1
八代市,2020,1
八代市,2021,1
八戸市,1992,0
八戸市,1993,0
八戸市,1994,0
八戸市,1995,0
八戸市,1996,0
八戸市,1997,0
八戸市,1998,0
八戸市,1999,0
八戸市,2000,0
八戸市,2001,0
八戸市,2002,0
八戸市,2003,0
八戸市,2004,0
八戸市,2005,0
八戸市,2006,0
八戸市,2007,0
八戸市,2008,0
八戸市,2009,0
八戸市,2010,1
八戸市,2011,1
八戸市,2012,1
八戸市,2013,1
八戸市,2014,1
八戸市,2015,1
八戸市,2016,1
八戸市,2017,1
八戸市,2018,1
八戸市,2019,1
八戸市,2020,1
八戸市,2021,1
出水市,1992,0
出水市,1993,0
出水市,1994,0
出水市,1995,0
出水市,1996,0
出水市,1997,0
出水市,1998,0
出水市,1999,0
出水市,2000,0
出水市,2001,0
出水市,2002,0
出水市,2003,0
出水市,2004,0
出水市,2005,0
出水市,2006,0
出水市,2007,0
出水市,2008,0
出水市,2009,0
出水市,2010,0
出水市,2011,1
出水市,2012,1
出水市,2013,1
出水市,2014,1
出水市,2015,1
出水市,2016,1
出水市,2017,1
出水市,2018,1
出水市,2019,1
出水市,2020,1
出水市,2021,1
北上市,1992,0
北上市,1993,0
北上市,1994,0
北上市,1995,0
北上市,1996,0
北上市,1997,0
北上市,1998,0
北上市,1999,0
北上市,2000,0
北上市,2001,0
北上市,2002,0
北上市,2003,0
北上市,2004,0
北上市,2005,0
北上市,2006,0
北上市,2007,0
北上市,2008,0
北上市,2009,0
北上市,2010,1
北上市,2011,1
北上市,2012,1
北上市,2013,1
北上市,2014,1
北上市,2015,1
北上市,2016,1
北上市,2017,1
北上市,2018,1
北上市,2019,1
北上市,2020,1
北上市,2021,1
北九州市,1992,1
北九州市,1993,1
北九州市,1994,1
北九州市,1995,1
北九州市,1996,1
北九州市,1997,1
北九州市,1998,1
北九州市,1999,1
北九州市,2000,1
北九州市,2001,1
北九州市,2002,1
北九州市,2003,1
北九州市,2004,1
北九州市,2005,1
北九州市,2006,1
北九州市,2007,1
北九州市,2008,1
北九州市,2009,1
北九州市,2010,1
北九州市,2011,1
北九州市,2012,1
北九州市,2013,1
北九州市,2014,1
北九州市,2015,1
北九州市,2016,1
北九州市,2017,1
北九州市,2018,1
北九州市,2019,1
北九州市,2020,1
北九州市,2021,1
北斗市,1992,0
北斗市,1993,0
北斗市,1994,0
北斗市,1995,0
北斗市,1996,0
北斗市,1997,0
北斗市,1998,0
北斗市,1999,0
北斗市,2000,0
北斗市,2001,0
北斗市,2002,0
北斗市,2003,0
北斗市,2004,0
北斗市,2005,0
北斗市,2006,0
北斗市,2007,0
北斗市,2008,0
北斗市,2009,0
北斗市,2010,0
北斗市,2011,0
北斗市,2012,0
北斗市,2013,0
北斗市,2014,0
北斗市,2015,0
北斗市,2016,1
北斗市,2017,1
北斗市,2018,1
北斗市,2019,1
北斗市,2020,1
北斗市,2021,1
千代田区,1992,1
千代田区,1993,1
千代田区,1994,1
千代田区,1995,1
千代田区,1996,1
千代田区,1997,1
千代田区,1998,1
千代田区,1999,1
千代田区,2000,1
千代田区,2001,1
千代田区,2002,1
千代田区,2003,1
千代田区,2004,1
千代田区,2005,1
千代田区,2006,1
千代田区,2007,1
千代田区,2008,1
千代田区,2009,1
千代田区,2010,1
千代田区,2011,1
千代田区,2012,1
千代田区,2013,1
千代田区,2014,1
千代田区,2015,1
千代田区,2016,1
千代田区,2017,1
千代田区,2018,1
千代田区,2019,1
千代田区,2020,1
千代田区,2021,1
南魚沼市,1992,0
南魚沼市,1993,0
南魚沼市,1994,0
南魚沼市,1995,0
南魚沼市,1996,0
南魚沼市,1997,0
南魚沼市,1998,0
南魚沼市,1999,0
南魚沼市,2000,0
南魚沼市,2001,0
南魚沼市,2002,0
南魚沼市,2003,0
南魚沼市,2004,0
南魚沼市,2005,0
南魚沼市,2006,0
南魚沼市,2007,0
南魚沼市,2008,0
南魚沼市,2009,0
南魚沼市,2010,0
南魚沼市,2011,0
南魚沼市,2012,0
南魚沼市,2013,0
南魚沼市,2014,0
南魚沼市,2015,0
南魚沼市,2016,0
南魚沼市,2017,0
南魚沼市,2018,0
南魚沼市,2019,0
南魚沼市,2020,0
南魚沼市,2021,0
台東区,1992,0
台東区,1993,0
台東区,1994,0
台東区,1995,0
台東区,1996,0
台東区,1997,0
台東区,1998,0
台東区,1999,0
台東区,2000,0
台東区,2001,0
台東区,2002,0
台東区,2003,0
台東区,2004,0
台東区,2005,0
台東区,2006,0
台東区,2007,0
台東区,2008,0
台東区,2009,0
台東区,2010,1
台東区,2011,1
台東区,2012,1
台東区,2013,1
台東区,2014,1
台東区,2015,1
台東区,2016,1
台東区,2017,1
台東区,2018,1
台東区,2019,1
台東区,2020,1
台東区,2021,1
名古屋市,1992,1
名古屋市,1993,1
名古屋市,1994,1
名古屋市,1995,1
名古屋市,1996,1
名古屋市,1997,1
名古屋市,1998,1
名古屋市,1999,1
名古屋市,2000,1
名古屋市,2001,1
名古屋市,2002,1
名古屋市,2003,1
名古屋市,2004,1
名古屋市,2005,1
名古屋市,2006,1
名古屋市,2007,1
名古屋市,2008,1
名古屋市,2009,1
名古屋市,2010,1
名古屋市,2011,1
名古屋市,2012,1
名古屋市,2013,1
名古屋市,2014,1
名古屋市,2015,1
名古屋市,2016,1
名古屋市,2017,1
名古屋市,2018,1
名古屋市,2019,1
名古屋市,2020,1
名古屋市,2021,1
周南市,1992,1
周南市,1993,1
周南市,1994,1
周南市,1995,1
周南市,1996,1
周南市,1997,1
周南市,1998,1
周南市,1999,1
周南市,2000,1
周南市,2001,1
周南市,2002,1
周南市,2003,1
周南市,2004,1
周南市,2005,1
周南市,2006,1
周南市,2007,1
周南市,2008,1
周南市,2009,1
周南市,2010,1
周南市,2011,1
周南市,2012,1
周南市,2013,1
周南市,2014,1
周南市,2015,1
周南市,2016,1
周南市,2017,1
周南市,2018,1
周南市,2019,1
周南市,2020,1
周南市,2021,1
大崎市,1992,0
大崎市,1993,0
大崎市,1994,0
大崎市,1995,0
大崎市,1996,0
大崎市,1997,0
大崎市,1998,0
大崎市,1999,0
大崎市,2000,0
大崎市,2001,0
大崎市,2002,0
大崎市,2003,0
大崎市,2004,0
大崎市,2005,0
大崎市,2006,0
大崎市,2007,0
大崎市,2008,0
大崎市,2009,0
大崎市,2010,1
大崎市,2011,1
大崎市,2012,1
大崎市,2013,1
大崎市,2014,1
大崎市,2015,1
大崎市,2016,1
大崎市,2017,1
大崎市,2018,1
大崎市,2019,1
大崎市,2020,1
大崎市,2021,1
大牟田市,1992,0
大牟田市,1993,0
大牟田市,1994,0
大牟田市,1995,0
大牟田市,1996,0
大牟田市,1997,0
大牟田市,1998,0
大牟田市,1999,0
大牟田市,2000,0
大牟田市,2001,0
大牟田市,2002,0
大牟田市,2003,0
大牟田市,2004,0
大牟田市,2005,0
大牟田市,2006,0
大牟田市,2007,0
大牟田市,2008,0
大牟田市,2009,0
大牟田市,2010,0
大牟田市,2011,1
大牟田市,2012,1
大牟田市,2013,1
大牟田市,2014,1
大牟田市,2015,1
大牟田市,2016,1
大牟田市,2017,1
大牟田市,2018,1
大牟田市,2019,1
大牟田市,2020,1
大牟田市,2021,1
大阪市,1992,1
大阪市,1993,1
大阪市,1994,1
大阪市,1995,1
大阪市,1996,1
大阪市,1997,1
大阪市,1998,1
大阪市,1999,1
大阪市,2000,1
大阪市,2001,1
大阪市,2002,1
大阪市,2003,1
大阪市,2004,1
大阪市,2005,1
大阪市,2006,1
大阪市,2007,1
大阪市,2008,1
大阪市,2009,1
大阪市,2010,1
大阪市,2011,1
大阪市,2012,1
大阪市,2013,1
大阪市,2014,1
大阪市,2015,1
大阪市,2016,1
大阪市,2017,1
大阪市,2018,1
大阪市,2019,1
大阪市,2020,1
大阪市,2021,1
奥州市,1992,0
奥州市,1993,0
奥州市,1994,0
奥州市,1995,0
奥州市,1996,0
奥州市,1997,0
奥州市,1998,0
奥州市,1999,0
奥州市,2000,0
奥州市,2001,0
奥州市,2002,0
奥州市,2003,0
奥州市,2004,0
奥州市,2005,0
奥州市,2006,0
奥州市,2007,0
奥州市,2008,0
奥州市,2009,0
奥州市,2010,1
奥州市,2011,1
奥州市,2012,1
奥州市,2013,1
奥州市,2014,1
奥州市,2015,1
奥州市,2016,1
奥州市,2017,1
奥州市,2018,1
奥州市,2019,1
奥州市,2020,1
奥州市,2021,1
姫路市,1992,1
姫路市,1993,1
姫路市,1994,1
姫路市,1995,1
姫路市,1996,1
姫路市,1997,1
姫路市,1998,1
姫路市,1999,1
姫路市,2000,1
姫路市,2001,1
姫路市,2002,1
姫路市,2003,1
姫路市,2004,1
姫路市,2005,1
姫路市,2006,1
姫路市,2007,1
姫路市,2008,1
姫路市,2009,1
姫路市,2010,1
姫路市,2011,1
姫路市,2012,1
姫路市,2013,1
姫路市,2014,1
姫路市,2015,1
姫路市,2016,1
姫路市,2017,1
姫路市,2018,1
姫路市,2019,1
姫路市,2020,1
姫路市,2021,1
宇都宮市,1992,0
宇都宮市,1993,0
宇都宮市,1994,0
宇都宮市,1995,0
宇都宮市,1996,0
宇都宮市,1997,0
宇都宮市,1998,0
宇都宮市,1999,0
宇都宮市,2000,0
宇都宮市,2001,0
宇都宮市,2002,0
宇都宮市,2003,0
宇都宮市,2004,0
宇都宮市,2005,0
宇都宮市,2006,0
宇都宮市,2007,0
宇都宮市,2008,0
宇都宮市,2009,0
宇都宮市,2010,1
宇都宮市,2011,1
宇都宮市,2012,1
宇都宮市,2013,1
宇都宮市,2014,1
宇都宮市,2015,1
宇都宮市,2016,1
宇都宮市,2017,1
宇都宮市,2018,1
宇都宮市,2019,1
宇都宮市,2020,1
宇都宮市,2021,1
安中市,1992,0
安中市,1993,0
安中市,1994,0
安中市,1995,0
安中市,1996,0
安中市,1997,1
安中市,1998,1
安中市,1999,1
安中市,2000,1
安中市,2001,1
安中市,2002,1
安中市,2003,1
安中市,2004,1
安中市,2005,1
安中市,2006,1
安中市,2007,1
安中市,2008,1
安中市,2009,1
安中市,2010,1
安中市,2011,1
安中市,2012,1
安中市,2013,1
安中市,2014,1
安中市,2015,1
安中市,2016,1
安中市,2017,1
安中市,2018,1
安中市,2019,1
安中市,2020,1
安中市,2021,1
安城市,1992,1
安城市,1993,1
安城市,1994,1
安城市,1995,1
安城市,1996,1
安城市,1997,1
安城市,1998,1
安城市,1999,1
安城市,2000,1
安城市,2001,1
安城市,2002,1
安城市,2003,1
安城市,2004,1
安城市,2005,1
安城市,2006,1
安城市,2007,1
安城市,2008,1
安城市,2009,1
安城市,2010,1
安城市,2011,1
安城市,2012,1
安城市,2013,1
安城市,2014,1
安城市,2015,1
安城市,2016,1
安城市,2017,1
安城市,2018,1
安城市,2019,1
安城市,2020,1
安城市,2021,1
富士市,1992,1
富士市,1993,1
富士市,1994,1
富士市,1995,1
富士市,1996,1
富士市,1997,1
富士市,1998,1
富士市,1999,1
富士市,2000,1
富士市,2001,1
富士市,2002,1
富士市,2003,1
富士市,2004,1
富士市,2005,1
富士市,2006,1
富士市,2007,1
富士市,2008,1
富士市,2009,1
富士市,2010,1
富士市,2011,1
富士市,2012,1
富士市,2013,1
富士市,2014,1
富士市,2015,1
富士市,2016,1
富士市,2017,1
富士市,2018,1
富士市,2019,1
富士市,2020,1
富士市,2021,1
富山市,1992,0
富山市,1993,0
富山市,1994,0
富山市,1995,0
富山市,1996,0
富山市,1997,1
富山市,1998,1
富山市,1999,1
富山市,2000,1
富山市,2001,1
富山市,2002,1
富山市,2003,1
富山市,2004,1
富山市,2005,1
富山市,2006,1
富山市,2007,1
富山市,2008,1
富山市,2009,1
富山市,2010,1
富山市,2011,1
富山市,2012,1
富山市,2013,1
富山市,2014,1
富山市,2015,1
富山市,2016,1
富山市,2017,1
富山市,2018,1
富山市,2019,1
富山市,2020,1
富山市,2021,1
小山市,1992,0
小山市,1993,0
小山市,1994,0
小山市,1995,0
小山市,1996,0
小山市,1997,0
小山市,1998,0
小山市,1999,0
小山市,2000,0
小山市,2001,0
小山市,2002,0
小山市,2003,0
小山市,2004,0
小山市,2005,0
小山市,2006,0
小山市,2007,0
小山市,2008,0
小山市,2009,0
小山市,2010,1
小山市,2011,1
小山市,2012,1
小山市,2013,1
小山市,2014,1
小山市,2015,1
小山市,2016,1
小山市,2017,1
小山市,2018,1
小山市,2019,1
小山市,2020,1
小山市,2021,1
小田原市,1992,1
小田原市,1993,1
小田原市,1994,1
小田原市,1995,1
小田原市,1996,1
小田原市,1997,1
小田原市,1998,1
小田原市,1999,1
小田原市,2000,1
小田原市,2001,1
小田原市,2002,1
小田原市,2003,1
小田原市,2004,1
小田原市,2005,1
小田原市,2006,1
小田原市,2007,1
小田原市,2008,1
小田原市,2009,1
小田原市,2010,1
小田原市,2011,1
小田原市,2012,1
小田原市,2013,1
小田原市,2014,1
小田原市,2015,1
小田原市,2016,1
小田原市,2017,1
小田原市,2018,1
小田原市,2019,1
小田原市,2020,1
小田原市,2021,1
尾道市,1992,1
尾道市,1993,1
尾道市,1994,1
尾道市,1995,1
尾道市,1996,1
尾道市,1997,1
尾道市,1998,1
尾道市,1999,1
尾道市,2000,1
尾道市,2001,1
尾道市,2002,1
尾道市,2003,1
尾道市,2004,1
尾道市,2005,1
尾道市,2006,1
尾道市,2007,1
尾道市,2008,1
尾道市,2009,1
尾道市,2010,1
尾道市,2011,1
尾道市,2012,1
尾道市,2013,1
尾道市,2014,1
尾道市,2015,1
尾道市,2016,1
尾道市,2017,1
尾道市,2018,1
尾道市,2019,1
尾道市,2020,1
尾道市,2021,1
山口市,1992,1
山口市,1993,1
山口市,1994,1
山口市,1995,1
山口市,1996,1
山口市,1997,1
山口市,1998,1
山口市,1999,1
山口市,2000,1
山口市,2001,1
山口市,2002,1
山口市,2003,1
山口市,2004,1
山口市,2005,1
山口市,2006,1
山口市,2007,1
山口市,2008,1
山口市,2009,1
山口市,2010,1
山口市,2011,1
山口市,2012,1
山口市,2013,1
山口市,2014,1
山口市,2015,1
山口市,2016,1
山口市,2017,1
山口市,2018,1
山口市,2019,1
山口市,2020,1
山口市,2021,1
山陽小野田市,1992,1
山陽小野田市,1993,1
山陽小野田市,1994,1
山陽小野田市,1995,1
山陽小野田市,1996,1
山陽小野田市,1997,1
山陽小野田市,1998,1
山陽小野田市,1999,1
山陽小野田市,2000,1
山陽小野田市,2001,1
山陽小野田市,2002,1
山陽小野田市,2003,1
山陽小野田市,2004,1
山陽小野田市,2005,1
山陽小野田市,2006,1
山陽小野田市,2007,1
山陽小野田市,2008,1
山陽小野田市,2009,1
山陽小野田市,2010,1
山陽小野田市,2011,1
山陽小野田市,2012,1
山陽小野田市,2013,1
山陽小野田市,2014,1
山陽小野田市,2015,1
山陽小野田市,2016,1
山陽小野田市,2017,1
山陽小野田市,2018,1
山陽小野田市,2019,1
山陽小野田市,2020,1
山陽小野田市,2021,1
岡山市,1992,1
岡山市,1993,1
岡山市,1994,1
岡山市,1995,1
岡山市,1996,1
岡山市,1997,1
岡山市,1998,1
岡山市,1999,1
岡山市,2000,1
岡山市,2001,1
岡山市,2002,1
岡山市,2003,1
岡山市,2004,1
岡山市,2005,1
岡山市,2006,1
岡山市,2007,1
岡山市,2008,1
岡山市,2009,1
岡山市,2010,1
岡山市,2011,1
岡山市,2012,1
岡山市,2013,1
岡山市,2014,1
岡山市,2015,1
岡山市,2016,1
岡山市,2017,1
岡山市,2018,1
岡山市,2019,1
岡山市,2020,1
岡山市,2021,1
岩国市,1992,1
岩国市,1993,1
岩国市,1994,1
岩国市,1995,1
岩国市,1996,1
岩国市,1997,1
岩国市,1998,1
岩国市,1999,1
岩国市,2000,1
岩国市,2001,1
岩国市,2002,1
岩国市,2003,1
岩国市,2004,1
岩国市,2005,1
岩国市,2006,1
岩国市,2007,1
岩国市,2008,1
岩国市,2009,1
岩国市,2010,1
岩国市,2011,1
岩国市,2012,1
岩国市,2013,1
岩国市,2014,1
岩国市,2015,1
岩国市,2016,1
岩国市,2017,1
岩国市,2018,1
岩国市,2019,1
岩国市,2020,1
岩国市,2021,1
岩手町,1992,0
岩手町,1993,0
岩手町,1994,0
岩手町,1995,0
岩手町,1996,0
岩手町,1997,0
岩手町,1998,0
岩手町,1999,0
岩手町,2000,0
岩手町,2001,0
岩手町,2002,0
岩手町,2003,0
岩手町,2004,0
岩手町,2005,0
岩手町,2006,0
岩手町,2007,0
岩手町,2008,0
岩手町,2009,0
岩手町,2010,1
岩手町,2011,1
岩手町,2012,1
岩手町,2013,1
岩手町,2014,1
岩手町,2015,1
岩手町,2016,1
岩手町,2017,1
岩手町,2018,1
岩手町,2019,1
岩手町,2020,1
岩手町,2021,1
掛川市,1992,1
掛川市,1993,1
掛川市,1994,1
掛川市,1995,1
掛川市,1996,1
掛川市,1997,1
掛川市,1998,1
掛川市,1999,1
掛川市,2000,1
掛川市,2001,1
掛川市,2002,1
掛川市,2003,1
掛川市,2004,1
掛川市,2005,1
掛川市,2006,1
掛川市,2007,1
掛川市,2008,1
掛川市,2009,1
掛川市,2010,1
掛川市,2011,1
掛川市,2012,1
掛川市,2013,1
掛川市,2014,1
掛川市,2015,1
掛川市,2016,1
掛川市,2017,1
掛川市,2018,1
掛川市,2019,1
掛川市,2020,1
掛川市,2021,1
新潟市,1992,0
新潟市,1993,0
新潟市,1994,0
新潟市,1995,0
新潟市,1996,0
新潟市,1997,0
新潟市,1998,0
新潟市,1999,0
新潟市,2000,0
新潟市,2001,0
新潟市,2002,0
新潟市,2003,0
新潟市,2004,0
新潟市,2005,0
新潟市,2006,0
新潟市,2007,0
新潟市,2008,0
新潟市,2009,0
新潟市,2010,0
新潟市,2011,0
新潟市,2012,0
新潟市,2013,0
新潟市,2014,0
新潟市,2015,0
新潟市,2016,0
新潟市,2017,0
新潟市,2018,0
新潟市,2019,0
新潟市,2020,0
新潟市,2021,0
明石市,1992,1
明石市,1993,1
明石市,1994,1
明石市,1995,1
明石市,1996,1
明石市,1997,1
明石市,1998,1
明石市,1999,1
明石市,2000,1
明石市,2001,1
明石市,2002,1
明石市,2003,1
明石市,2004,1
明石市,2005,1
明石市,2006,1
明石市,2007,1
明石市,2008,1
明石市,2009,1
明石市,2010,1
明石市,2011,1
明石市,2012,1
明石市,2013,1
明石市,2014,1
明石市,2015,1
明石市,2016,1
明石市,2017,1
明石市,2018,1
明石市,2019,1
明石市,2020,1
明石市,2021,1
木古内町,1992,0
木古内町,1993,0
木古内町,1994,0
木古内町,1995,0
木古内町,1996,0
木古内町,1997,0
木古内町,1998,0
木古内町,1999,0
木古内町,2000,0
木古内町,2001,0
木古内町,2002,0
木古内町,2003,0
木古内町,2004,0
木古内町,2005,0
木古内町,2006,0
木古内町,2007,0
木古内町,2008,0
木古内町,2009,0
木古内町,2010,0
木古内町,2011,0
木古内町,2012,0
木古内町,2013,0
木古内町,2014,0
木古内町,2015,0
木古内町,2016,1
木古内町,2017,1
木古内町,2018,1
木古内町,2019,1
木古内町,2020,1
木古内町,2021,1
本庄市,1992,0
本庄市,1993,0
本庄市,1994,0
本庄市,1995,0
本庄市,1996,0
本庄市,1997,0
本庄市,1998,0
本庄市,1999,0
本庄市,2000,0
本庄市,2001,0
本庄市,2002,0
本庄市,2003,0
本庄市,2004,0
本庄市,2005,0
本庄市,2006,0
本庄市,2007,0
本庄市,2008,0
本庄市,2009,0
本庄市,2010,0
本庄市,2011,0
本庄市,2012,0
本庄市,2013,0
本庄市,2014,0
本庄市,2015,0
本庄市,2016,0
本庄市,2017,0
本庄市,2018,0
本庄市,2019,0
本庄市,2020,0
本庄市,2021,0
東広島市,1992,1
東広島市,1993,1
東広島市,1994,1
東広島市,1995,1
東広島市,1996,1
東広島市,1997,1
東広島市,1998,1
東広島市,1999,1
東広島市,2000,1
東広島市,2001,1
東広島市,2002,1
東広島市,2003,1
東広島市,2004,1
東広島市,2005,1
東広島市,2006,1
東広島市,2007,1
東広島市,2008,1
東広島市,2009,1
東広島市,2010,1
東広島市,2011,1
東広島市,2012,1
東広島市,2013,1
東広島市,2014,1
東広島市,2015,1
東広島市,2016,1
東広島市,2017,1
東広島市,2018,1
東広島市,2019,1
東広島市,2020,1
東広島市,2021,1
栗原市,1992,0
栗原市,1993,0
栗原市,1994,0
栗原市,1995,0
栗原市,1996,0
栗原市,1997,0
栗原市,1998,0
栗原市,1999,0
栗原市,2000,0
栗原市,2001,0
栗原市,2002,0
栗原市,2003,0
栗原市,2004,0
栗原市,2005,0
栗原市,2006,0
栗原市,2007,0
栗原市,2008,0
栗原市,2009,0
栗原市,2010,1
栗原市,2011,1
栗原市,2012,1
栗原市,2013,1
栗原市,2014,1
栗原市,2015,1
栗原市,2016,1
栗原市,2017,1
栗原市,2018,1
栗原市,2019,1
栗原市,2020,1
栗原市,2021,1
横浜市,1992,1
横浜市,1993,1
横浜市,1994,1
横浜市,1995,1
横浜市,1996,1
横浜市,1997,1
横浜市,1998,1
横浜市,1999,1
横浜市,2000,1
横浜市,2001,1
横浜市,2002,1
横浜市,2003,1
横浜市,2004,1
横浜市,2005,1
横浜市,2006,1
横浜市,2007,1
横浜市,2008,1
横浜市,2009,1
横浜市,2010,1
横浜市,2011,1
横浜市,2012,1
横浜市,2013,1
横浜市,2014,1
横浜市,2015,1
横浜市,2016,1
横浜市,2017,1
横浜市,2018,1
横浜市,2019,1
横浜市,2020,1
横浜市,2021,1
水俣市,1992,0
水俣市,1993,0
水俣市,1994,0
水俣市,1995,0
水俣市,1996,0
水俣市,1997,0
水俣市,1998,0
水俣市,1999,0
水俣市,2000,0
水俣市,2001,0
水俣市,2002,0
水俣市,2003,0
水俣市,2004,0
水俣市,2005,0
水俣市,2006,0
水俣市,2007,0
水俣市,2008,0
水俣市,2009,0
水俣市,2010,0
水俣市,2011,1
水俣市,2012,1
水俣市,2013,1
水俣市,2014,1
水俣市,2015,1
水俣市,2016,1
水俣市,2017,1
水俣市,2018,1
水俣市,2019,1
水俣市,2020,1
水俣市,2021,1
浜松市,1992,1
浜松市,1993,1
浜松市,1994,1
浜松市,1995,1
浜松市,1996,1
浜松市,1997,1
浜松市,1998,1
浜松市,1999,1
浜松市,2000,1
浜松市,2001,1
浜松市,2002,1
浜松市,2003,1
浜松市,2004,1
浜松市,2005,1
浜松市,2006,1
浜松市,2007,1
浜松市,2008,1
浜松市,2009,1
浜松市,2010,1
浜松市,2011,1
浜松市,2012,1
浜松市,2013,1
浜松市,2014,1
浜松市,2015,1
浜松市,2016,1
浜松市,2017,1
浜松市,2018,1
浜松市,2019,1
浜松市,2020,1
浜松市,2021,1
港区,1992,1
港区,1993,1
港区,1994,1
港区,1995,1
港区,1996,1
港区,1997,1
港区,1998,1
港区,1999,1
港区,2000,1
港区,2001,1
港区,2002,1
港区,2003,1
港区,2004,1
港区,2005,1
港区,2006,1
港区,2007,1
港区,2008,1
港区,2009,1
港区,2010,1
港区,2011,1
港区,2012,1
港区,2013,1
港区,2014,1
港区,2015,1
港区,2016,1
港区,2017,1
港区,2018,1
港区,2019,1
港区,2020,1
港区,2021,1
湯沢町,1992,0
湯沢町,1993,0
湯沢町,1994,0
湯沢町,1995,0
湯沢町,1996,0
湯沢町,1997,0
湯沢町,1998,0
湯沢町,1999,0
湯沢町,2000,0
湯沢町,2001,0
湯沢町,2002,0
湯沢町,2003,0
湯沢町,2004,0
湯沢町,2005,0
湯沢町,2006,0
湯沢町,2007,0
湯沢町,2008,0
湯沢町,2009,0
湯沢町,2010,0
湯沢町,2011,0
湯沢町,2012,0
湯沢町,2013,0
湯沢町,2014,0
湯沢町,2015,0
湯沢町,2016,0
湯沢町,2017,0
湯沢町,2018,0
湯沢町,2019,0
湯沢町,2020,0
湯沢町,2021,0
熊本市,1992,0
熊本市,1993,0
熊本市,1994,0
熊本市,1995,0
熊本市,1996,0
熊本市,1997,0
熊本市,1998,0
熊本市,1999,0
熊本市,2000,0
熊本市,2001,0
熊本市,2002,0
熊本市,2003,0
熊本市,2004,0
熊本市,2005,0
熊本市,2006,0
熊本市,2007,0
熊本市,2008,0
熊本市,2009,0
熊本市,2010,0
熊本市,2011,1
熊本市,2012,1
熊本市,2013,1
熊本市,2014,1
熊本市,2015,1
熊本市,2016,1
熊本市,2017,1
熊本市,2018,1
熊本市,2019,1
熊本市,2020,1
熊本市,2021,1
熊谷市,1992,0
熊谷市,1993,0
熊谷市,1994,0
熊谷市,1995,0
熊谷市,1996,0
熊谷市,1997,0
熊谷市,1998,0
熊谷市,1999,0
熊谷市,2000,0
熊谷市,2001,0
熊谷市,2002,0
熊谷市,2003,0
熊谷市,2004,0
熊谷市,2005,0
熊谷市,2006,0
熊谷市,2007,0
熊谷市,2008,0
熊谷市,2009,0
熊谷市,2010,0
熊谷市,2011,0
熊谷市,2012,0
熊谷市,2013,0
熊谷市,2014,0
熊谷市,2015,0
熊谷市,2016,0
熊谷市,2017,0
熊谷市,2018,0
熊谷市,2019,0
熊谷市,2020,0
熊谷市,2021,0
熱海市,1992,1
熱海市,1993,1
熱海市,1994,1
熱海市,1995,1
熱海市,1996,1
熱海市,1997,1
熱海市,1998,1
熱海市,1999,1
熱海市,2000,1
熱海市,2001,1
熱海市,2002,1
熱海市,2003,1
熱海市,2004,1
熱海市,2005,1
熱海市,2006,1
熱海市,2007,1
熱海市,2008,1
熱海市,2009,1
熱海市,2010,1
熱海市,2011,1
熱海市,2012,1
熱海市,2013,1
熱海市,2014,1
熱海市,2015,1
熱海市,2016,1
熱海市,2017,1
熱海市,2018,1
熱海市,2019,1
熱海市,2020,1
熱海市,2021,1
玉名市,1992,0
玉名市,1993,0
玉名市,1994,0
玉名市,1995,0
玉名市,1996,0
玉名市,1997,0
玉名市,1998,0
玉名市,1999,0
玉名市,2000,0
玉名市,2001,0
玉名市,2002,0
玉名市,2003,0
玉名市,2004,0
玉名市,2005,0
玉名市,2006,0
玉名市,2007,0
玉名市,2008,0
玉名市,2009,0
玉名市,2010,0
玉名市,2011,1
玉名市,2012,1
玉名市,2013,1
玉名市,2014,1
玉名市,2015,1
玉名市,2016,1
玉名市,2017,1
玉名市,2018,1
玉名市,2019,1
玉名市,2020,1
玉名市,2021,1
白石市,1992,0
白石市,1993,0
白石市,1994,0
白石市,1995,0
白石市,1996,0
白石市,1997,0
白石市,1998,0
白石市,1999,0
白石市,2000,0
白石市,2001,0
白石市,2002,0
白石市,2003,0
白石市,2004,0
白石市,2005,0
白石市,2006,0
白石市,2007,0
白石市,2008,0
白石市,2009,0
白石市,2010,1
白石市,2011,1
白石市,2012,1
白石市,2013,1
白石市,2014,1
白石市,2015,1
白石市,2016,1
白石市,2017,1
白石市,2018,1
白石市,2019,1
白石市,2020,1
白石市,2021,1
盛岡市,1992,0
盛岡市,1993,0
盛岡市,1994,0
盛岡市,1995,0
盛岡市,1996,0
盛岡市,1997,0
盛岡市,1998,0
盛岡市,1999,0
盛岡市,2000,0
盛岡市,2001,0
盛岡市,2002,0
盛岡市,2003,0
盛岡市,2004,0
盛岡市,2005,0
盛岡市,2006,0
盛岡市,2007,0
盛岡市,2008,0
盛岡市,2009,0
盛岡市,2010,1
盛岡市,2011,1
盛岡市,2012,1
盛岡市,2013,1
盛岡市,2014,1
盛岡市,2015,1
盛岡市,2016,1
盛岡市,2017,1
盛岡市,2018,1
盛岡市,2019,1
盛岡市,2020,1
盛岡市,2021,1
相生市,1992,1
相生市,1993,1
相生市,1994,1
相生市,1995,1
相生市,1996,1
相生市,1997,1
相生市,1998,1
相生市,1999,1
相生市,2000,1
相生市,2001,1
相生市,2002,1
相生市,2003,1
相生市,2004,1
相生市,2005,1
相生市,2006,1
相生市,2007,1
相生市,2008,1
相生市,2009,1
相生市,2010,1
相生市,2011,1
相生市,2012,1
相生市,2013,1
相生市,2014,1
相生市,2015,1
相生市,2016,1
相生市,2017,1
相生市,2018,1
相生市,2019,1
相生市,2020,1
相生市,2021,1
神戸市,1992,1
神戸市,1993,1
神戸市,1994,1
神戸市,1995,1
神戸市,1996,1
神戸市,1997,1
神戸市,1998,1
神戸市,1999,1
神戸市,2000,1
神戸市,2001,1
神戸市,2002,1
神戸市,2003,1
神戸市,2004,1
神戸市,2005,1
神戸市,2006,1
神戸市,2007,1
神戸市,2008,1
神戸市,2009,1
神戸市,2010,1
神戸市,2011,1
神戸市,2012,1
神戸市,2013,1
神戸市,2014,1
神戸市,2015,1
神戸市,2016,1
神戸市,2017,1
神戸市,2018,1
神戸市,2019,1
神戸市,2020,1
神戸市,2021,1
福山市,1992,1
福山市,1993,1
福山市,1994,1
福山市,1995,1
福山市,1996,1
福山市,1997,1
福山市,1998,1
福山市,1999,1
福山市,2000,1
福山市,2001,1
福山市,2002,1
福山市,2003,1
福山市,2004,1
福山市,2005,1
福山市,2006,1
福山市,2007,1
福山市,2008,1
福山市,2009,1
福山市,2010,1
福山市,2011,1
福山市,2012,1
福山市,2013,1
福山市,2014,1
福山市,2015,1
福山市,2016,1
福山市,2017,1
福山市,2018,1
福山市,2019,1
福山市,2020,1
福山市,2021,1
福岡市,1992,1
福岡市,1993,1
福岡市,1994,1
福岡市,1995,1
福岡市,1996,1
福岡市,1997,1
福岡市,1998,1
福岡市,1999,1
福岡市,2000,1
福岡市,2001,1
福岡市,2002,1
福岡市,2003,1
福岡市,2004,1
福岡市,2005,1
福岡市,2006,1
福岡市,2007,1
福岡市,2008,1
福岡市,2009,1
福岡市,2010,1
福岡市,2011,1
福岡市,2012,1
福岡市,2013,1
福岡市,2014,1
福岡市,2015,1
福岡市,2016,1
福岡市,2017,1
福岡市,2018,1
福岡市,2019,1
福岡市,2020,1
福岡市,2021,1
福島市,1992,0
福島市,1993,0
福島市,1994,0
福島市,1995,0
福島市,1996,0
福島市,1997,0
福島市,1998,0
福島市,1999,0
福島市,2000,0
福島市,2001,0
福島市,2002,0
福島市,2003,0
福島市,2004,0
福島市,2005,0
福島市,2006,0
福島市,2007,0
福島市,2008,0
福島市,2009,0
福島市,2010,1
福島市,2011,1
福島市,2012,1
福島市,2013,1
福島市,2014,1
福島市,2015,1
福島市,2016,1
福島市,2017,1
福島市,2018,1
福島市,2019,1
福島市,2020,1
福島市,2021,1
筑後市,1992,0
筑後市,1993,0
筑後市,1994,0
筑後市,1995,0
筑後市,1996,0
筑後市,1997,0
筑後市,1998,0
筑後市,1999,0
筑後市,2000,0
筑後市,2001,0
筑後市,2002,0
筑後市,2003,0
筑後市,2004,0
筑後市,2005,0
筑後市,2006,0
筑後市,2007,0
筑後市,2008,0
筑後市,2009,0
筑後市,2010,0
筑後市,2011,1
筑後市,2012,1
筑後市,2013,1
筑後市,2014,1
筑後市,2015,1
筑後市,2016,1
筑後市,2017,1
筑後市,2018,1
筑後市,2019,1
筑後市,2020,1
筑後市,2021,1
米原市,1992,1
米原市,1993,1
米原市,1994,1
米原市,1995,1
米原市,1996,1
米原市,1997,1
米原市,1998,1
米原市,1999,1
米原市,2000,1
米原市,2001,1
米原市,2002,1
米原市,2003,1
米原市,2004,1
米原市,2005,1
米原市,2006,1
米原市,2007,1
米原市,2008,1
米原市,2009,1
米原市,2010,1
米原市,2011,1
米原市,2012,1
米原市,2013,1
米原市,2014,1
米原市,2015,1
米原市,2016,1
米原市,2017,1
米原市,2018,1
米原市,2019,1
米原市,2020,1
米原市,2021,1
糸魚川市,1992,0
糸魚川市,1993,0
糸魚川市,1994,0
糸魚川市,1995,0
糸魚川市,1996,0
糸魚川市,1997,1
糸魚川市,1998,1
糸魚川市,1999,1
糸魚川市,2000,1
糸魚川市,2001,1
糸魚川市,2002,1
糸魚川市,2003,1
糸魚川市,2004,1
糸魚川市,2005,1
糸魚川市,2006,1
糸魚川市,2007,1
糸魚川市,2008,1
糸魚川市,2009,1
糸魚川市,2010,1
糸魚川市,2011,1
糸魚川市,2012,1
糸魚川市,2013,1
糸魚川市,2014,1
糸魚川市,2015,1
糸魚川市,2016,1
糸魚川市,2017,1
糸魚川市,2018,1
糸魚川市,2019,1
糸魚川市,2020,1
糸魚川市,2021,1
羽島市,1992,1
羽島市,1993,1
羽島市,1994,1
羽島市,1995,1
羽島市,1996,1
羽島市,1997,1
羽島市,1998,1
羽島市,1999,1
羽島市,2000,1
羽島市,2001,1
羽島市,2002,1
羽島市,2003,1
羽島市,2004,1
羽島市,2005,1
羽島市,2006,1
羽島市,2007,1
羽島市,2008,1
羽島市,2009,1
羽島市,2010,1
羽島市,2011,1
羽島市,2012,1
羽島市,2013,1
羽島市,2014,1
羽島市,2015,1
羽島市,2016,1
羽島市,2017,1
羽島市,2018,1
羽島市,2019,1
羽島市,2020,1
羽島市,2021,1
花巻市,1992,0
花巻市,1993,0
花巻市,1994,0
花巻市,1995,0
花巻市,1996,0
花巻市,1997,0
花巻市,1998,0
花巻市,1999,0
花巻市,2000,0
花巻市,2001,0
花巻市,2002,0
花巻市,2003,0
花巻市,2004,0
花巻市,2005,0
花巻市,2006,0
花巻市,2007,0
花巻市,2008,0
花巻市,2009,0
花巻市,2010,1
花巻市,2011,1
花巻市,2012,1
花巻市,2013,1
花巻市,2014,1
花巻市,2015,1
花巻市,2016,1
花巻市,2017,1
花巻市,2018,1
花巻市,2019,1
花巻市,2020,1
花巻市,2021,1
薩摩川内市,1992,0
薩摩川内市,1993,0
薩摩川内市,1994,0
薩摩川内市,1995,0
薩摩川内市,1996,0
薩摩川内市,1997,0
薩摩川内市,1998,0
薩摩川内市,1999,0
薩摩川内市,2000,0
薩摩川内市,2001,0
薩摩川内市,2002,0
薩摩川内市,2003,0
薩摩川内市,2004,0
薩摩川内市,2005,0
薩摩川内市,2006,0
薩摩川内市,2007,0
薩摩川内市,2008,0
薩摩川内市,2009,0
薩摩川内市,2010,0
薩摩川内市,2011,1
薩摩川内市,2012,1
薩摩川内市,2013,1
薩摩川内市,2014,1
薩摩川内市,2015,1
薩摩川内市,2016,1
薩摩川内市,2017,1
薩摩川内市,2018,1
薩摩川内市,2019,1
薩摩川内市,2020,1
薩摩川内市,2021,1
豊橋市,1992,1
豊橋市,1993,1
豊橋市,1994,1
豊橋市,1995,1
豊橋市,1996,1
豊橋市,1997,1
豊橋市,1998,1
豊橋市,1999,1
豊橋市,2000,1
豊橋市,2001,1
豊橋市,2002,1
豊橋市,2003,1
豊橋市,2004,1
豊橋市,2005,1
豊橋市,2006,1
豊橋市,2007,1
豊橋市,2008,1
豊橋市,2009,1
豊橋市,2010,1
豊橋市,2011,1
豊橋市,2012,1
豊橋市,2013,1
豊橋市,2014,1
豊橋市,2015,1
豊橋市,2016,1
豊橋市,2017,1
豊橋市,2018,1
豊橋市,2019,1
豊橋市,2020,1
豊橋市,2021,1
軽井沢町,1992,0
軽井沢町,1993,0
軽井沢町,1994,0
軽井沢町,1995,0
軽井沢町,1996,0
軽井沢町,1997,1
軽井沢町,1998,1
軽井沢町,1999,1
軽井沢町,2000,1
軽井沢町,2001,1
軽井沢町,2002,1
軽井沢町,2003,1
軽井沢町,2004,1
軽井沢町,2005,1
軽井沢町,2006,1
軽井沢町,2007,1
軽井沢町,2008,1
軽井沢町,2009,1
軽井沢町,2010,1
軽井沢町,2011,1
軽井沢町,2012,1
軽井沢町,2013,1
軽井沢町,2014,1
軽井沢町,2015,1
軽井沢町,2016,1
軽井沢町,2017,1
軽井沢町,2018,1
軽井沢町,2019,1
軽井沢町,2020,1
軽井沢町,2021,1
那須塩原市,1992,0
那須塩原市,1993,0
那須塩原市,1994,0
那須塩原市,1995,0
那須塩原市,1996,0
那須塩原市,1997,0
那須塩原市,1998,0
那須塩原市,1999,0
那須塩原市,2000,0
那須塩原市,2001,0
那須塩原市,2002,0
那須塩原市,2003,0
那須塩原市,2004,0
那須塩原市,2005,0
那須塩原市,2006,0
那須塩原市,2007,0
那須塩原市,2008,0
那須塩原市,2009,0
那須塩原市,2010,1
那須塩原市,2011,1
那須塩原市,2012,1
那須塩原市,2013,1
那須塩原市,2014,1
那須塩原市,2015,1
那須塩原市,2016,1
那須塩原市,2017,1
那須塩原市,2018,1
那須塩原市,2019,1
那須塩原市,2020,1
那須塩原市,2021,1
郡山市,1992,0
郡山市,1993,0
郡山市,1994,0
郡山市,1995,0
郡山市,1996,0
郡山市,1997,0
郡山市,1998,0
郡山市,1999,0
郡山市,2000,0
郡山市,2001,0
郡山市,2002,0
郡山市,2003,0
郡山市,2004,0
郡山市,2005,0
郡山市,2006,0
郡山市,2007,0
郡山市,2008,0
郡山市,2009,0
郡山市,2010,1
郡山市,2011,1
郡山市,2012,1
郡山市,2013,1
郡山市,2014,1
郡山市,2015,1
郡山市,2016,1
郡山市,2017,1
郡山市,2018,1
郡山市,2019,1
郡山市,2020,1
郡山市,2021,1
金沢市,1992,0
金沢市,1993,0
金沢市,1994,0
金沢市,1995,0
金沢市,1996,0
金沢市,1997,1
金沢市,1998,1
金沢市,1999,1
金沢市,2000,1
金沢市,2001,1
金沢市,2002,1
金沢市,2003,1
金沢市,2004,1
金沢市,2005,1
金沢市,2006,1
金沢市,2007,1
金沢市,2008,1
金沢市,2009,1
金沢市,2010,1
金沢市,2011,1
金沢市,2012,1
金沢市,2013,1
金沢市,2014,1
金沢市,2015,1
金沢市,2016,1
金沢市,2017,1
金沢市,2018,1
金沢市,2019,1
金沢市,2020,1
金沢市,2021,1
長岡市,1992,0
長岡市,1993,0
長岡市,1994,0
長岡市,1995,0
長岡市,1996,0
長岡市,1997,0
長岡市,1998,0
長岡市,1999,0
長岡市,2000,0
長岡市,2001,0
長岡市,2002,0
長岡市,2003,0
長岡市,2004,0
長岡市,2005,0
長岡市,2006,0
長岡市,2007,0
長岡市,2008,0
長岡市,2009,0
長岡市,2010,0
長岡市,2011,0
長岡市,2012,0
長岡市,2013,0
長岡市,2014,0
長岡市,2015,0
長岡市,2016,0
長岡市,2017,0
長岡市,2018,0
長岡市,2019,0
長岡市,2020,0
長岡市,2021,0
長野市,1992,0
長野市,1993,0
長野市,1994,0
長野市,1995,0
長野市,1996,0
長野市,1997,1
長野市,1998,1
長野市,1999,1
長野市,2000,1
長野市,2001,1
長野市,2002,1
長野市,2003,1
長野市,2004,1
長野市,2005,1
長野市,2006,1
長野市,2007,1
長野市,2008,1
長野市,2009,1
長野市,2010,1
長野市,2011,1
長野市,2012,1
長野市,2013,1
長野市,2014,1
長野市,2015,1
長野市,2016,1
長野市,2017,1
長野市,2018,1
長野市,2019,1
長野市,2020,1
長野市,2021,1
青森市,1992,0
青森市,1993,0
青森市,1994,0
青森市,1995,0
青森市,1996,0
青森市,1997,0
青森市,1998,0
青森市,1999,0
青森市,2000,0
青森市,2001,0
青森市,2002,0
青森市,2003,0
青森市,2004,0
青森市,2005,0
青森市,2006,0
青森市,2007,0
青森市,2008,0
青森市,2009,0
青森市,2010,1
青森市,2011,1
青森市,2012,1
青森市,2013,1
青森市,2014,1
青森市,2015,1
青森市,2016,1
青森市,2017,1
青森市,2018,1
青森市,2019,1
青森市,2020,1
青森市,2021,1
静岡市,1992,1
静岡市,1993,1
静岡市,1994,1
静岡市,1995,1
静岡市,1996,1
静岡市,1997,1
静岡市,1998,1
静岡市,1999,1
静岡市,2000,1
静岡市,2001,1
静岡市,2002,1
静岡市,2003,1
静岡市,2004,1
静岡市,2005,1
静岡市,2006,1
静岡市,2007,1
静岡市,2008,1
静岡市,2009,1
静岡市,2010,1
静岡市,2011,1
静岡市,2012,1
静岡市,2013,1
静岡市,2014,1
静岡市,2015,1
静岡市,2016,1
静岡市,2017,1
静岡市,2018,1
静岡市,2019,1
静岡市,2020,1
静岡市,2021,1
飯山市,1992,0
飯山市,1993,0
飯山市,1994,0
飯山市,1995,0
飯山市,1996,0
飯山市,1997,1
飯山市,1998,1
飯山市,1999,1
飯山市,2000,1
飯山市,2001,1
飯山市,2002,1
飯山市,2003,1
飯山市,2004,1
飯山市,2005,1
飯山市,2006,1
飯山市,2007,1
飯山市,2008,1
飯山市,2009,1
飯山市,2010,1
飯山市,2011,1
飯山市,2012,1
飯山市,2013,1
飯山市,2014,1
飯山市,2015,1
飯山市,2016,1
飯山市,2017,1
飯山市,2018,1
飯山市,2019,1
飯山市,2020,1
飯山市,2021,1
高岡市,1992,0
高岡市,1993,0
高岡市,1994,0
高岡市,1995,0
高岡市,1996,0
高岡市,1997,1
高岡市,1998,1
高岡市,1999,1
高岡市,2000,1
高岡市,2001,1
高岡市,2002,1
高岡市,2003,1
高岡市,2004,1
高岡市,2005,1
高岡市,2006,1
高岡市,2007,1
高岡市,2008,1
高岡市,2009,1
高岡市,2010,1
高岡市,2011,1
高岡市,2012,1
高岡市,2013,1
高岡市,2014,1
高岡市,2015,1
高岡市,2016,1
高岡市,2017,1
高岡市,2018,1
高岡市,2019,1
高岡市,2020,1
高岡市,2021,1
高崎市,1992,0
高崎市,1993,0
高崎市,1994,0
高崎市,1995,0
高崎市,1996,0
高崎市,1997,1
高崎市,1998,1
高崎市,1999,1
高崎市,2000,1
高崎市,2001,1
高崎市,2002,1
高崎市,2003,1
高崎市,2004,1
高崎市,2005,1
高崎市,2006,1
高崎市,2007,1
高崎市,2008,1
高崎市,2009,1
高崎市,2010,1
高崎市,2011,1
高崎市,2012,1
高崎市,2013,1
高崎市,2014,1
高崎市,2015,1
高崎市,2016,1
高崎市,2017,1
高崎市,2018,1
高崎市,2019,1
高崎市,2020,1
高崎市,2021,1
鳥栖市,1992,0
鳥栖市,1993,0
鳥栖市,1994,0
鳥栖市,1995,0
鳥栖市,1996,0
鳥栖市,1997,0
鳥栖市,1998,0
鳥栖市,1999,0
鳥栖市,2000,0
鳥栖市,2001,0
鳥栖市,2002,0
鳥栖市,2003,0
鳥栖市,2004,0
鳥栖市,2005,0
鳥栖市,2006,0
鳥栖市,2007,0
鳥栖市,2008,0
鳥栖市,2009,0
鳥栖市,2010,0
鳥栖市,2011,1
鳥栖市,2012,1
鳥栖市,2013,1
鳥栖市,2014,1
鳥栖市,2015,1
鳥栖市,2016,1
鳥栖市,2017,1
鳥栖市,2018,1
鳥栖市,2019,1
鳥栖市,2020,1
鳥栖市,2021,1
鹿児島市,1992,0
鹿児島市,1993,0
鹿児島市,1994,0
鹿児島市,1995,0
鹿児島市,1996,0
鹿児島市,1997,0
鹿児島市,1998,0
鹿児島市,1999,0
鹿児島市,2000,0
鹿児島市,2001,0
鹿児島市,2002,0
鹿児島市,2003,0
鹿児島市,2004,0
鹿児島市,2005,0
鹿児島市,2006,0
鹿児島市,2007,0
鹿児島市,2008,0
鹿児島市,2009,0
鹿児島市,2010,0
鹿児島市,2011,1
鹿児島市,2012,1
鹿児島市,2013,1
鹿児島市,2014,1
鹿児島市,2015,1
鹿児島市,2016,1
鹿児島市,2017,1
鹿児島市,2018,1
鹿児島市,2019,1
鹿児島市,2020,1
鹿児島市,2021,1
黒部市,1992,0
黒部市,1993,0
黒部市,1994,0
黒部市,1995,0
黒部市,1996,0
黒部市,1997,1
黒部市,1998,1
黒部市,1999,1
黒部市,2000,1
黒部市,2001,1
黒部市,2002,1
黒部市,2003,1
黒部市,2004,1
黒部市,2005,1
黒部市,2006,1
黒部市,2007,1
黒部市,2008,1
黒部市,2009,1
黒部市,2010,1
黒部市,2011,1
黒部市,2012,1
黒部市,2013,1
黒部市,2014,1
黒部市,2015,1
黒部市,2016,1
黒部市,2017,1
黒部市,2018,1
黒部市,2019,1
黒部市,2020,1
黒部市,2021,1
,1992,0
,1993,0
,1994,0
,1995,0
,1996,0
,1997,0
,1998,0
,1999,0
,2000,0
,2001,0
,2002,0
,2003,0
,2004,0
,2005,0
,2006,0
,2007,0
,2008,0
,2009,0
,2010,0
,2011,0
,2012,0
,2013,0
,2014,0
,2015,0
,2016,0
,2017,0
,2018,0
,2019,0
,2020,0
,2021,0
